{"20200529_0": {"latlon": [[31.640520000000002, 100.14173000000001, 0.43, 0.38], [31.63707, 100.14246999999999, 0.43, 0.38]], "area": 202480.0713648561}, "20200529_1": {"latlon": [[31.59378, 91.48962, 0.39, 0.44]], "area": 171600.0}, "20200529_2": {"latlon": [[38.74957, 101.1067, 0.44, 0.38]], "area": 167200.00000000003}, "20200529_3": {"latlon": [[38.517379999999996, 102.304, 0.4, 0.37]], "area": 148000.0}, "20200529_4": {"latlon": [[38.49872, 102.23819, 0.41, 0.37], [38.499359999999996, 102.23357, 0.41, 0.37]], "area": 257584.3551151072}, "20200529_5": {"latlon": [[38.48462, 102.23980999999999, 0.41, 0.37]], "area": 151700.0}, "20200529_6": {"latlon": [[38.43224, 102.05959, 0.41, 0.37]], "area": 151700.0}, "20200529_7": {"latlon": [[37.87324, 102.91593, 0.39, 0.36]], "area": 140400.0}, "20200529_8": {"latlon": [[37.44478, 102.89375, 0.39, 0.36]], "area": 140400.0}, "20200529_9": {"latlon": [[37.036609999999996, 103.03151, 0.39, 0.36], [37.0399, 103.03226, 0.39, 0.36]], "area": 179097.88440993088}, "20200529_10": {"latlon": [[37.03068, 103.0257, 0.39, 0.36], [37.03133, 103.02141, 0.39, 0.36]], "area": 230292.27559764052}, "20200529_11": {"latlon": [[36.99025, 102.08471999999999, 0.4, 0.37]], "area": 148000.0}, "20200529_12": {"latlon": [[36.873709999999996, 100.99217, 0.43, 0.38]], "area": 163400.0}, "20200529_13": {"latlon": [[36.67106, 101.65776, 0.41, 0.37]], "area": 151700.0}, "20200529_14": {"latlon": [[37.0126, 98.81188, 0.52, 0.41]], "area": 213200.0}, "20200529_15": {"latlon": [[36.4381, 102.87014, 0.39, 0.36]], "area": 140400.0}, "20200529_16": {"latlon": [[36.484120000000004, 102.25854, 0.4, 0.37]], "area": 148000.0}, "20200529_17": {"latlon": [[36.45044, 102.46621999999999, 0.39, 0.36]], "area": 140400.0}, "20200529_18": {"latlon": [[36.57029, 101.52753, 0.41, 0.37], [36.57367, 101.52825, 0.41, 0.37]], "area": 190854.7615334861}, "20200529_19": {"latlon": [[36.52446, 101.53214, 0.41, 0.37]], "area": 151700.0}, "20200529_20": {"latlon": [[36.267720000000004, 102.96206, 0.39, 0.36]], "area": 140400.0}, "20200529_21": {"latlon": [[35.321459999999995, 102.78383000000001, 0.39, 0.36]], "area": 140400.0}}