{"20200608_0": {"latlon": [[38.496959999999994, 102.23106999999999, 0.55, 0.42], [38.50074, 102.2324, 0.55, 0.42]], "area": 277305.6250788095}, "20200608_1": {"latlon": [[38.49568, 102.23718000000001, 0.55, 0.42], [38.49946, 102.2385, 0.55, 0.42]], "area": 277076.7063465842}, "20200608_2": {"latlon": [[37.080659999999995, 102.98648, 0.42, 0.45]], "area": 189000.0}, "20200608_3": {"latlon": [[37.03609, 103.03143, 0.43, 0.46]], "area": 197800.0}, "20200608_4": {"latlon": [[37.02906, 103.02374, 0.43, 0.46]], "area": 197800.0}, "20200608_5": {"latlon": [[38.74868, 101.10698000000001, 0.38, 0.36]], "area": 136800.0}, "20200608_6": {"latlon": [[38.51863, 102.30273000000001, 0.39, 0.36]], "area": 140400.0}, "20200608_7": {"latlon": [[38.49865, 102.23756, 0.39, 0.36], [38.49938, 102.23317, 0.39, 0.36]], "area": 236200.51862779044}, "20200608_8": {"latlon": [[38.495020000000004, 102.21822, 0.39, 0.36]], "area": 140400.0}, "20200608_9": {"latlon": [[38.484590000000004, 102.24123, 0.39, 0.36]], "area": 140400.0}, "20200608_10": {"latlon": [[38.4328, 102.05776999999999, 0.39, 0.36]], "area": 140400.0}}